method,seed,time_s,rule_r2,avg_gap,final_gap,avg_nmse,final_nmse,forgetting,detection_delay,total_bits,final_grid,params
fedkan_opt,0,21.1,0.8759,0.045907136675359714,0.006106501396956394,0.37851471315727414,0.09794692303034325,6.488847761314081,14.528301886792454,5100512.0,5,360
fedkan_opt,1,19.2,0.5503,0.038515145307218134,0.00361324298401128,0.25179714851716595,0.051054496536660686,2.9455319597595166,17.833333333333332,4636896.0,5,360
fedkan_opt,2,19.0,0.8756,0.03826944470463261,0.004789700667164075,0.23550254022696723,0.0691568790177066,3.927476922692526,nan,4530240.0,5,360
fedkan_opt,3,19.0,0.7383,0.024443066280826525,0.0038838864574708546,0.30007293463616524,0.07318071170545527,2.680036220833408,24.294117647058822,4867232.0,5,360
fedkan_opt,4,19.4,0.8753,0.03734159490651373,0.0068630935035378475,0.26129434993007106,0.08738539123452338,3.6607435541928375,nan,4898912.0,5,360
kan_full,0,37.1,0.9088,0.026340426227784812,0.0034292157050078605,0.2792352041504322,0.056857831325912815,3.1722561253032278,nan,9400320.0,5,360
kan_full,1,39.4,0.6431,0.01904926686415258,0.004393843631742513,0.17634475861875556,0.04410705819150649,1.8151959868975764,17.833333333333332,8663040.0,5,360
